symbol,weight
688182,0.02
301511,0.02
688001,0.02
688717,0.02
603103,0.02
601969,0.02
300257,0.02
000156,0.02
002901,0.02
688403,0.02
601311,0.02
603619,0.02
002287,0.02
002364,0.02
002911,0.02
688409,0.02
601519,0.02
000061,0.02
600740,0.02
600006,0.02
002010,0.02
600710,0.02
600618,0.02
688232,0.02
601921,0.02
300456,0.02
601369,0.02
600782,0.02
600864,0.02
605099,0.02
000028,0.02
002737,0.02
603301,0.02
300363,0.02
601068,0.02
000902,0.02
002506,0.02
601568,0.02
600167,0.02
002036,0.02
300779,0.02
600662,0.02
605599,0.02
600746,0.02
603809,0.02
603166,0.02
300684,0.02
601326,0.02
301339,0.02
002061,0.02
